Id,Name,OwnerId,LastModified,Value
1,"Weight",1,10/02/2016 21:52:56,"84"
2,"Max Jumps",1,10/02/2016 21:52:56,"2"
3,"Run Speed",1,10/02/2016 21:52:56,"1.6"
4,"Wall Jump",1,10/02/2016 21:52:56,"Yes"
5,"Walk Speed",1,10/02/2016 21:52:56,"0.9"
6,"Wall Cling",1,10/02/2016 21:52:56,"Yes"
7,"Air Speed",1,10/02/2016 21:52:56,"0.97"
8,"Crawl",1,10/02/2016 21:52:56,"No"
9,"Fall Speed",1,10/02/2016 21:52:56,"1.77"
10,"Tether",1,10/02/2016 21:52:56,"No"
11,"Fast Fall Speed",1,10/02/2016 21:52:56,"2.832"
12,"Jumpsquat",1,10/02/2016 21:52:56,"4frames"
13,"Air Acceleration",1,10/02/2016 21:52:56,"0.085"
14,"Soft Landing Lag",1,10/02/2016 21:52:56,"2frames"
15,"Gravity",1,10/02/2016 21:52:56,"0.12"
16,"Hard Landing Lag",1,10/02/2016 21:52:56,"4frames"
17,"SH Air Time",1,10/02/2016 21:52:56,"38frames"
18,"FH Air Time",1,10/02/2016 21:52:56,"54frames"
19,"Weight",2,10/02/2016 21:52:57,"130"
20,"Max Jumps",2,10/02/2016 21:52:57,"2"
21,"Run Speed",2,10/02/2016 21:52:57,"1.792"
22,"Wall Jump",2,10/02/2016 21:52:57,"No"
23,"Walk Speed",2,10/02/2016 21:52:57,"0.858"
24,"Wall Cling",2,10/02/2016 21:52:57,"No"
25,"Air Speed",2,10/02/2016 21:52:57,"1"
26,"Crawl",2,10/02/2016 21:52:57,"Yes"
27,"Fall Speed",2,10/02/2016 21:52:57,"1.39"
28,"Tether",2,10/02/2016 21:52:57,"No"
29,"Fast Fall Speed",2,10/02/2016 21:52:57,"2.224"
30,"Jumpsquat",2,10/02/2016 21:52:57,"8frames"
31,"Air Acceleration",2,10/02/2016 21:52:57,"0.04"
32,"Soft Landing Lag",2,10/02/2016 21:52:57,"2frames"
33,"Gravity",2,10/02/2016 21:52:57,"0.11"
34,"Hard Landing Lag",2,10/02/2016 21:52:57,"6frames"
35,"SH Air Time",2,10/02/2016 21:52:57,"34frames"
36,"FH Air Time",2,10/02/2016 21:52:57,"54frames"
37,"Weight",3,10/02/2016 21:52:59,"108"
38,"Max Jumps",3,10/02/2016 21:52:59,"2"
39,"Run Speed",3,10/02/2016 21:52:59,"1.424"
40,"Wall Jump",3,10/02/2016 21:52:59,"No"
41,"Walk Speed",3,10/02/2016 21:52:59,"0.88"
42,"Wall Cling",3,10/02/2016 21:52:59,"No"
43,"Air Speed",3,10/02/2016 21:52:59,"1.08"
44,"Crawl",3,10/02/2016 21:52:59,"No"
45,"Fall Speed",3,10/02/2016 21:52:59,"1.65"
46,"Tether",3,10/02/2016 21:52:59,"No"
47,"Fast Fall Speed",3,10/02/2016 21:52:59,"2.64"
48,"Jumpsquat",3,10/02/2016 21:52:59,"6frames"
49,"Air Acceleration",3,10/02/2016 21:52:59,"0.07"
50,"Soft Landing Lag",3,10/02/2016 21:52:59,"2frames"
51,"Gravity",3,10/02/2016 21:52:59,"0.092"
52,"Hard Landing Lag",3,10/02/2016 21:52:59,"4frames"
53,"SH Air Time",3,10/02/2016 21:52:59,"38frames"
54,"FH Air Time",3,10/02/2016 21:52:59,"57frames"
55,"Weight",4,10/02/2016 21:53:00,"104"
56,"Max Jumps",4,10/02/2016 21:53:00,"2"
57,"Run Speed",4,10/02/2016 21:53:00,"2.32"
58,"Wall Jump",4,10/02/2016 21:53:00,"Yes"
59,"Walk Speed",4,10/02/2016 21:53:00,"0.94"
60,"Wall Cling",4,10/02/2016 21:53:00,"No"
61,"Air Speed",4,10/02/2016 21:53:00,"1.1"
62,"Crawl",4,10/02/2016 21:53:00,"No"
63,"Fall Speed",4,10/02/2016 21:53:00,"1.837"
64,"Tether",4,10/02/2016 21:53:00,"No"
65,"Fast Fall Speed",4,10/02/2016 21:53:00,"2.9392"
66,"Jumpsquat",4,10/02/2016 21:53:00,"5frames"
67,"Air Acceleration",4,10/02/2016 21:53:00,"0.065"
68,"Soft Landing Lag",4,10/02/2016 21:53:00,"2frames"
69,"Gravity",4,10/02/2016 21:53:00,"0.12"
70,"Hard Landing Lag",4,10/02/2016 21:53:00,"4frames"
71,"SH Air Time",4,10/02/2016 21:53:00,"34frames"
72,"FH Air Time",4,10/02/2016 21:53:00,"52frames"
73,"Weight",5,10/02/2016 21:53:00,"116"
74,"Max Jumps",5,10/02/2016 21:53:00,"3"
75,"Run Speed",5,10/02/2016 21:53:00,"2"
76,"Wall Jump",5,10/02/2016 21:53:00,"No"
77,"Walk Speed",5,10/02/2016 21:53:00,"1.2"
78,"Wall Cling",5,10/02/2016 21:53:00,"No"
79,"Air Speed",5,10/02/2016 21:53:00,"0.92"
80,"Crawl",5,10/02/2016 21:53:00,"No"
81,"Fall Speed",5,10/02/2016 21:53:00,"1.4"
82,"Tether",5,10/02/2016 21:53:00,"No"
83,"Fast Fall Speed",5,10/02/2016 21:53:00,"2.24"
84,"Jumpsquat",5,10/02/2016 21:53:00,"7frames"
85,"Air Acceleration",5,10/02/2016 21:53:00,"0.05"
86,"Soft Landing Lag",5,10/02/2016 21:53:00,"2frames"
87,"Gravity",5,10/02/2016 21:53:00,"0.11"
88,"Hard Landing Lag",5,10/02/2016 21:53:00,"5frames"
89,"SH Air Time",5,10/02/2016 21:53:00,"34frames"
90,"FH Air Time",5,10/02/2016 21:53:00,"53frames"
91,"Weight",6,10/02/2016 21:53:01,"100"
92,"Max Jumps",6,10/02/2016 21:53:01,"2"
93,"Run Speed",6,10/02/2016 21:53:01,"1.97"
94,"Wall Jump",6,10/02/2016 21:53:01,"Yes"
95,"Walk Speed",6,10/02/2016 21:53:01,"1.1"
96,"Wall Cling",6,10/02/2016 21:53:01,"No"
97,"Air Speed",6,10/02/2016 21:53:01,"1.1"
98,"Crawl",6,10/02/2016 21:53:01,"No"
99,"Fall Speed",6,10/02/2016 21:53:01,"1.68"
100,"Tether",6,10/02/2016 21:53:01,"No"
101,"Fast Fall Speed",6,10/02/2016 21:53:01,"2.688"
102,"Jumpsquat",6,10/02/2016 21:53:01,"4frames"
103,"Air Acceleration",6,10/02/2016 21:53:01,"0.06"
104,"Soft Landing Lag",6,10/02/2016 21:53:01,"2frames"
105,"Gravity",6,10/02/2016 21:53:01,"0.098"
106,"Hard Landing Lag",6,10/02/2016 21:53:01,"4frames"
107,"SH Air Time",6,10/02/2016 21:53:01,"37frames"
108,"FH Air Time",6,10/02/2016 21:53:01,"53frames"
109,"Weight",7,10/02/2016 21:53:02,"98"
110,"Max Jumps",7,10/02/2016 21:53:02,"2"
111,"Run Speed",7,10/02/2016 21:53:02,"1.45"
112,"Wall Jump",7,10/02/2016 21:53:02,"No"
113,"Walk Speed",7,10/02/2016 21:53:02,"1.15"
114,"Wall Cling",7,10/02/2016 21:53:02,"No"
115,"Air Speed",7,10/02/2016 21:53:02,"0.97"
116,"Crawl",7,10/02/2016 21:53:02,"No"
117,"Fall Speed",7,10/02/2016 21:53:02,"1.65"
118,"Tether",7,10/02/2016 21:53:02,"No"
119,"Fast Fall Speed",7,10/02/2016 21:53:02,"2.64"
120,"Jumpsquat",7,10/02/2016 21:53:02,"6frames"
121,"Air Acceleration",7,10/02/2016 21:53:02,"0.04"
122,"Soft Landing Lag",7,10/02/2016 21:53:02,"2frames"
123,"Gravity",7,10/02/2016 21:53:02,"0.092"
124,"Hard Landing Lag",7,10/02/2016 21:53:02,"4frames"
125,"SH Air Time",7,10/02/2016 21:53:02,"37frames"
126,"FH Air Time",7,10/02/2016 21:53:02,"55frames"
127,"Weight",8,10/02/2016 21:53:04,"96"
128,"Max Jumps",8,10/02/2016 21:53:04,"4"
129,"Run Speed",8,10/02/2016 21:53:04,"1.66215"
130,"Wall Jump",8,10/02/2016 21:53:04,"No"
131,"Walk Speed",8,10/02/2016 21:53:04,"1.199"
132,"Wall Cling",8,10/02/2016 21:53:04,"No"
133,"Air Speed",8,10/02/2016 21:53:04,"0.89"
134,"Crawl",8,10/02/2016 21:53:04,"No"
135,"Fall Speed",8,10/02/2016 21:53:04,"1.48"
136,"Tether",8,10/02/2016 21:53:04,"No"
137,"Fast Fall Speed",8,10/02/2016 21:53:04,"2.368"
138,"Jumpsquat",8,10/02/2016 21:53:04,"5frames"
139,"Air Acceleration",8,10/02/2016 21:53:04,"0.065"
140,"Soft Landing Lag",8,10/02/2016 21:53:04,"2frames"
141,"Gravity",8,10/02/2016 21:53:04,"0.081"
142,"Hard Landing Lag",8,10/02/2016 21:53:04,"5frames"
143,"SH Air Time",8,10/02/2016 21:53:04,"38frames"
144,"FH Air Time",8,10/02/2016 21:53:04,"57frames"
145,"Weight",9,10/02/2016 21:53:05,"93"
146,"Max Jumps",9,10/02/2016 21:53:05,"2"
147,"Run Speed",9,10/02/2016 21:53:05,"1.824"
148,"Wall Jump",9,10/02/2016 21:53:05,"Yes"
149,"Walk Speed",9,10/02/2016 21:53:05,"1.25"
150,"Wall Cling",9,10/02/2016 21:53:05,"Yes"
151,"Air Speed",9,10/02/2016 21:53:05,"0.88"
152,"Crawl",9,10/02/2016 21:53:05,"Yes"
153,"Fall Speed",9,10/02/2016 21:53:05,"1.75"
154,"Tether",9,10/02/2016 21:53:05,"No"
155,"Fast Fall Speed",9,10/02/2016 21:53:05,"2.8"
156,"Jumpsquat",9,10/02/2016 21:53:05,"4frames"
157,"Air Acceleration",9,10/02/2016 21:53:05,"0.05"
158,"Soft Landing Lag",9,10/02/2016 21:53:05,"2frames"
159,"Gravity",9,10/02/2016 21:53:05,"0.105"
160,"Hard Landing Lag",9,10/02/2016 21:53:05,"4frames"
161,"SH Air Time",9,10/02/2016 21:53:05,"39frames"
162,"FH Air Time",9,10/02/2016 21:53:05,"59frames"
163,"Weight",10,10/02/2016 21:53:05,"122"
164,"Max Jumps",10,10/02/2016 21:53:05,"2"
165,"Run Speed",10,10/02/2016 21:53:05,"1.7031"
166,"Wall Jump",10,10/02/2016 21:53:05,"No"
167,"Walk Speed",10,10/02/2016 21:53:05,"1.3"
168,"Wall Cling",10,10/02/2016 21:53:05,"No"
169,"Air Speed",10,10/02/2016 21:53:05,"1.15"
170,"Crawl",10,10/02/2016 21:53:05,"No"
171,"Fall Speed",10,10/02/2016 21:53:05,"1.63"
172,"Tether",10,10/02/2016 21:53:05,"No"
173,"Fast Fall Speed",10,10/02/2016 21:53:05,"2.608"
174,"Jumpsquat",10,10/02/2016 21:53:05,"6frames"
175,"Air Acceleration",10,10/02/2016 21:53:05,"0.05"
176,"Soft Landing Lag",10,10/02/2016 21:53:06,"2frames"
177,"Gravity",10,10/02/2016 21:53:06,"0.08505"
178,"Hard Landing Lag",10,10/02/2016 21:53:06,"5frames"
179,"SH Air Time",10,10/02/2016 21:53:06,"40frames"
180,"FH Air Time",10,10/02/2016 21:53:06,"58frames"
181,"Weight",11,10/02/2016 21:53:07,"98"
182,"Max Jumps",11,10/02/2016 21:53:07,"2"
183,"Run Speed",11,10/02/2016 21:53:07,"1.312"
184,"Wall Jump",11,10/02/2016 21:53:07,"Yes"
185,"Walk Speed",11,10/02/2016 21:53:07,"0.902"
186,"Wall Cling",11,10/02/2016 21:53:07,"No"
187,"Air Speed",11,10/02/2016 21:53:07,"0.943"
188,"Crawl",11,10/02/2016 21:53:07,"No"
189,"Fall Speed",11,10/02/2016 21:53:07,"1.5"
190,"Tether",11,10/02/2016 21:53:07,"No"
191,"Fast Fall Speed",11,10/02/2016 21:53:07,"2.4"
192,"Jumpsquat",11,10/02/2016 21:53:07,"5frames"
193,"Air Acceleration",11,10/02/2016 21:53:07,"0.0574"
194,"Soft Landing Lag",11,10/02/2016 21:53:07,"2frames"
195,"Gravity",11,10/02/2016 21:53:07,"0.08715"
196,"Hard Landing Lag",11,10/02/2016 21:53:07,"4frames"
197,"SH Air Time",11,10/02/2016 21:53:07,"35frames"
198,"FH Air Time",11,10/02/2016 21:53:07,"53frames"
199,"Weight",12,10/02/2016 21:53:08,"91"
200,"Max Jumps",12,10/02/2016 21:53:08,"2"
201,"Run Speed",12,10/02/2016 21:53:08,"1.63"
202,"Wall Jump",12,10/02/2016 21:53:08,"Yes"
203,"Walk Speed",12,10/02/2016 21:53:08,"1.155"
204,"Wall Cling",12,10/02/2016 21:53:08,"No"
205,"Air Speed",12,10/02/2016 21:53:08,"1.1"
206,"Crawl",12,10/02/2016 21:53:08,"Yes"
207,"Fall Speed",12,10/02/2016 21:53:08,"1.65"
208,"Tether",12,10/02/2016 21:53:08,"No"
209,"Fast Fall Speed",12,10/02/2016 21:53:08,"2.64"
210,"Jumpsquat",12,10/02/2016 21:53:08,"4frames"
211,"Air Acceleration",12,10/02/2016 21:53:08,"0.07"
212,"Soft Landing Lag",12,10/02/2016 21:53:08,"2frames"
213,"Gravity",12,10/02/2016 21:53:08,"0.076"
214,"Hard Landing Lag",12,10/02/2016 21:53:08,"4frames"
215,"SH Air Time",12,10/02/2016 21:53:08,"41frames"
216,"FH Air Time",12,10/02/2016 21:53:08,"61frames"
217,"Weight",13,10/02/2016 21:53:10,"82"
218,"Max Jumps",13,10/02/2016 21:53:10,"2"
219,"Run Speed",13,10/02/2016 21:53:10,"1.472"
220,"Wall Jump",13,10/02/2016 21:53:10,"Yes"
221,"Walk Speed",13,10/02/2016 21:53:10,"1.28"
222,"Wall Cling",13,10/02/2016 21:53:10,"No"
223,"Air Speed",13,10/02/2016 21:53:10,"0.93"
224,"Crawl",13,10/02/2016 21:53:10,"No"
225,"Fall Speed",13,10/02/2016 21:53:10,"1.8"
226,"Tether",13,10/02/2016 21:53:10,"No"
227,"Fast Fall Speed",13,10/02/2016 21:53:10,"2.88"
228,"Jumpsquat",13,10/02/2016 21:53:10,"6frames"
229,"Air Acceleration",13,10/02/2016 21:53:10,"0.09"
230,"Soft Landing Lag",13,10/02/2016 21:53:10,"2frames"
231,"Gravity",13,10/02/2016 21:53:10,"0.13"
232,"Hard Landing Lag",13,10/02/2016 21:53:10,"4frames"
233,"SH Air Time",13,10/02/2016 21:53:10,"32frames"
234,"FH Air Time",13,10/02/2016 21:53:10,"62frames"
235,"Weight",14,10/02/2016 21:53:11,"79"
236,"Max Jumps",14,10/02/2016 21:53:11,"2"
237,"Run Speed",14,10/02/2016 21:53:11,"2.184"
238,"Wall Jump",14,10/02/2016 21:53:11,"Yes"
239,"Walk Speed",14,10/02/2016 21:53:11,"1.45"
240,"Wall Cling",14,10/02/2016 21:53:11,"No"
241,"Air Speed",14,10/02/2016 21:53:11,"0.96"
242,"Crawl",14,10/02/2016 21:53:11,"No"
243,"Fall Speed",14,10/02/2016 21:53:11,"2.05"
244,"Tether",14,10/02/2016 21:53:11,"No"
245,"Fast Fall Speed",14,10/02/2016 21:53:11,"3.28"
246,"Jumpsquat",14,10/02/2016 21:53:11,"4frames"
247,"Air Acceleration",14,10/02/2016 21:53:11,"0.08"
248,"Soft Landing Lag",14,10/02/2016 21:53:11,"2frames"
249,"Gravity",14,10/02/2016 21:53:11,"0.19"
250,"Hard Landing Lag",14,10/02/2016 21:53:11,"4frames"
251,"SH Air Time",14,10/02/2016 21:53:11,"26frames"
252,"FH Air Time",14,10/02/2016 21:53:11,"41frames"
253,"Weight",15,10/02/2016 21:53:11,"113"
254,"Max Jumps",15,10/02/2016 21:53:11,"2"
255,"Run Speed",15,10/02/2016 21:53:11,"1.218"
256,"Wall Jump",15,10/02/2016 21:53:11,"No"
257,"Walk Speed",15,10/02/2016 21:53:11,"0.73"
258,"Wall Cling",15,10/02/2016 21:53:11,"No"
259,"Air Speed",15,10/02/2016 21:53:11,"0.79"
260,"Crawl",15,10/02/2016 21:53:11,"No"
261,"Fall Speed",15,10/02/2016 21:53:11,"1.65"
262,"Tether",15,10/02/2016 21:53:11,"No"
263,"Fast Fall Speed",15,10/02/2016 21:53:11,"2.64"
264,"Jumpsquat",15,10/02/2016 21:53:11,"7frames"
265,"Air Acceleration",15,10/02/2016 21:53:11,"0.03"
266,"Soft Landing Lag",15,10/02/2016 21:53:11,"2frames"
267,"Gravity",15,10/02/2016 21:53:11,"0.10784"
268,"Hard Landing Lag",15,10/02/2016 21:53:11,"5frames"
269,"SH Air Time",15,10/02/2016 21:53:11,"30frames"
270,"FH Air Time",15,10/02/2016 21:53:11,"44frames"
271,"Weight",16,10/02/2016 21:53:13,"94"
272,"Max Jumps",16,10/02/2016 21:53:13,"2"
273,"Run Speed",16,10/02/2016 21:53:13,"2.08"
274,"Wall Jump",16,10/02/2016 21:53:13,"Yes"
275,"Walk Speed",16,10/02/2016 21:53:13,"1.43"
276,"Wall Cling",16,10/02/2016 21:53:13,"Yes"
277,"Air Speed",16,10/02/2016 21:53:13,"1.18"
278,"Crawl",16,10/02/2016 21:53:13,"Yes"
279,"Fall Speed",16,10/02/2016 21:53:13,"1.85"
280,"Tether",16,10/02/2016 21:53:13,"No"
281,"Fast Fall Speed",16,10/02/2016 21:53:13,"2.96"
282,"Jumpsquat",16,10/02/2016 21:53:13,"4frames"
283,"Air Acceleration",16,10/02/2016 21:53:13,"0.07"
284,"Soft Landing Lag",16,10/02/2016 21:53:13,"2frames"
285,"Gravity",16,10/02/2016 21:53:13,"0.18"
286,"Hard Landing Lag",16,10/02/2016 21:53:13,"4frames"
287,"SH Air Time",16,10/02/2016 21:53:13,"32frames"
288,"FH Air Time",16,10/02/2016 21:53:13,"52frames"
289,"Weight",17,10/02/2016 21:53:14,"107"
290,"Max Jumps",17,10/02/2016 21:53:14,"2"
291,"Run Speed",17,10/02/2016 21:53:14,"1.5"
292,"Wall Jump",17,10/02/2016 21:53:14,"No"
293,"Walk Speed",17,10/02/2016 21:53:14,"0.869"
294,"Wall Cling",17,10/02/2016 21:53:14,"No"
295,"Air Speed",17,10/02/2016 21:53:14,"1.08"
296,"Crawl",17,10/02/2016 21:53:14,"No"
297,"Fall Speed",17,10/02/2016 21:53:14,"1.65"
298,"Tether",17,10/02/2016 21:53:14,"No"
299,"Fast Fall Speed",17,10/02/2016 21:53:14,"2.64"
300,"Jumpsquat",17,10/02/2016 21:53:14,"7frames"
301,"Air Acceleration",17,10/02/2016 21:53:14,"0.04"
302,"Soft Landing Lag",17,10/02/2016 21:53:14,"2frames"
303,"Gravity",17,10/02/2016 21:53:14,"0.092"
304,"Hard Landing Lag",17,10/02/2016 21:53:14,"4frames"
305,"SH Air Time",17,10/02/2016 21:53:14,"37frames"
306,"FH Air Time",17,10/02/2016 21:53:14,"52frames"
307,"Weight",18,10/02/2016 21:53:14,"68"
308,"Max Jumps",18,10/02/2016 21:53:14,"6"
309,"Run Speed",18,10/02/2016 21:53:14,"1.155"
310,"Wall Jump",18,10/02/2016 21:53:14,"No"
311,"Walk Speed",18,10/02/2016 21:53:14,"0.7"
312,"Wall Cling",18,10/02/2016 21:53:14,"No"
313,"Air Speed",18,10/02/2016 21:53:14,"1.269"
314,"Crawl",18,10/02/2016 21:53:14,"No"
315,"Fall Speed",18,10/02/2016 21:53:14,"0.98"
316,"Tether",18,10/02/2016 21:53:14,"No"
317,"Fast Fall Speed",18,10/02/2016 21:53:14,"1.568"
318,"Jumpsquat",18,10/02/2016 21:53:14,"6frames"
319,"Air Acceleration",18,10/02/2016 21:53:14,"0.08"
320,"Soft Landing Lag",18,10/02/2016 21:53:14,"2frames"
321,"Gravity",18,10/02/2016 21:53:14,"0.05309"
322,"Hard Landing Lag",18,10/02/2016 21:53:14,"4frames"
323,"SH Air Time",18,10/02/2016 21:53:14,"41frames"
324,"FH Air Time",18,10/02/2016 21:53:14,"56frames"
325,"Weight",19,10/02/2016 21:53:15,"119"
326,"Max Jumps",19,10/02/2016 21:53:15,"5"
327,"Run Speed",19,10/02/2016 21:53:15,"1.36"
328,"Wall Jump",19,10/02/2016 21:53:15,"No"
329,"Walk Speed",19,10/02/2016 21:53:15,"0.98"
330,"Wall Cling",19,10/02/2016 21:53:15,"No"
331,"Air Speed",19,10/02/2016 21:53:15,"0.63"
332,"Crawl",19,10/02/2016 21:53:15,"No"
333,"Fall Speed",19,10/02/2016 21:53:15,"1.95"
334,"Tether",19,10/02/2016 21:53:15,"No"
335,"Fast Fall Speed",19,10/02/2016 21:53:15,"3.12"
336,"Jumpsquat",19,10/02/2016 21:53:15,"6frames"
337,"Air Acceleration",19,10/02/2016 21:53:15,"0.04"
338,"Soft Landing Lag",19,10/02/2016 21:53:15,"2frames"
339,"Gravity",19,10/02/2016 21:53:15,"0.08788"
340,"Hard Landing Lag",19,10/02/2016 21:53:15,"6frames"
341,"SH Air Time",19,10/02/2016 21:53:15,"38frames"
342,"FH Air Time",19,10/02/2016 21:53:15,"55frames"
343,"Weight",20,10/02/2016 21:53:16,"79"
344,"Max Jumps",20,10/02/2016 21:53:16,"6"
345,"Run Speed",20,10/02/2016 21:53:16,"1.57"
346,"Wall Jump",20,10/02/2016 21:53:16,"No"
347,"Walk Speed",20,10/02/2016 21:53:16,"0.93"
348,"Wall Cling",20,10/02/2016 21:53:16,"No"
349,"Air Speed",20,10/02/2016 21:53:16,"0.8"
350,"Crawl",20,10/02/2016 21:53:16,"No"
351,"Fall Speed",20,10/02/2016 21:53:16,"1.23"
352,"Tether",20,10/02/2016 21:53:16,"No"
353,"Fast Fall Speed",20,10/02/2016 21:53:16,"1.968"
354,"Jumpsquat",20,10/02/2016 21:53:16,"4frames"
355,"Air Acceleration",20,10/02/2016 21:53:16,"0.065"
356,"Soft Landing Lag",20,10/02/2016 21:53:16,"2frames"
357,"Gravity",20,10/02/2016 21:53:16,"0.06405"
358,"Hard Landing Lag",20,10/02/2016 21:53:16,"4frames"
359,"SH Air Time",20,10/02/2016 21:53:16,"39frames"
360,"FH Air Time",20,10/02/2016 21:53:16,"58frames"
361,"Weight",21,10/02/2016 21:53:17,"104"
362,"Max Jumps",21,10/02/2016 21:53:17,"2"
363,"Run Speed",21,10/02/2016 21:53:17,"1.3944"
364,"Wall Jump",21,10/02/2016 21:53:17,"No"
365,"Walk Speed",21,10/02/2016 21:53:17,"1.188"
366,"Wall Cling",21,10/02/2016 21:53:17,"No"
367,"Air Speed",21,10/02/2016 21:53:17,"0.88"
368,"Crawl",21,10/02/2016 21:53:17,"No"
369,"Fall Speed",21,10/02/2016 21:53:17,"1.6"
370,"Tether",21,10/02/2016 21:53:17,"Yes"
371,"Fast Fall Speed",21,10/02/2016 21:53:17,"3.04"
372,"Jumpsquat",21,10/02/2016 21:53:17,"7frames"
373,"Air Acceleration",21,10/02/2016 21:53:17,"0.04"
374,"Soft Landing Lag",21,10/02/2016 21:53:17,"2frames"
375,"Gravity",21,10/02/2016 21:53:17,"0.096"
376,"Hard Landing Lag",21,10/02/2016 21:53:17,"5frames"
377,"SH Air Time",21,10/02/2016 21:53:17,"33frames"
378,"FH Air Time",21,10/02/2016 21:53:17,"49frames"
379,"Weight",22,10/02/2016 21:53:18,"82"
380,"Max Jumps",22,10/02/2016 21:53:18,"2"
381,"Run Speed",22,10/02/2016 21:53:18,"2.24"
382,"Wall Jump",22,10/02/2016 21:53:18,"Yes"
383,"Walk Speed",22,10/02/2016 21:53:18,"1.32"
384,"Wall Cling",22,10/02/2016 21:53:18,"No"
385,"Air Speed",22,10/02/2016 21:53:18,"1"
386,"Crawl",22,10/02/2016 21:53:18,"No"
387,"Fall Speed",22,10/02/2016 21:53:18,"1.8"
388,"Tether",22,10/02/2016 21:53:18,"No"
389,"Fast Fall Speed",22,10/02/2016 21:53:18,"2.88"
390,"Jumpsquat",22,10/02/2016 21:53:18,"5frames"
391,"Air Acceleration",22,10/02/2016 21:53:18,"0.028"
392,"Soft Landing Lag",22,10/02/2016 21:53:18,"2frames"
393,"Gravity",22,10/02/2016 21:53:18,"0.08"
394,"Hard Landing Lag",22,10/02/2016 21:53:18,"4frames"
395,"SH Air Time",22,10/02/2016 21:53:18,"35frames"
396,"FH Air Time",22,10/02/2016 21:53:18,"51frames"
397,"Weight",23,10/02/2016 21:53:19,"99"
398,"Max Jumps",23,10/02/2016 21:53:19,"2"
399,"Run Speed",23,10/02/2016 21:53:19,"1.55"
400,"Wall Jump",23,10/02/2016 21:53:19,"Yes"
401,"Walk Speed",23,10/02/2016 21:53:19,"1.05"
402,"Wall Cling",23,10/02/2016 21:53:19,"Yes"
403,"Air Speed",23,10/02/2016 21:53:19,"1.09"
404,"Crawl",23,10/02/2016 21:53:19,"Yes"
405,"Fall Speed",23,10/02/2016 21:53:19,"1.68"
406,"Tether",23,10/02/2016 21:53:19,"No"
407,"Fast Fall Speed",23,10/02/2016 21:53:19,"2.688"
408,"Jumpsquat",23,10/02/2016 21:53:19,"5frames"
409,"Air Acceleration",23,10/02/2016 21:53:19,"0.07"
410,"Soft Landing Lag",23,10/02/2016 21:53:19,"2frames"
411,"Gravity",23,10/02/2016 21:53:19,"0.084"
412,"Hard Landing Lag",23,10/02/2016 21:53:19,"4frames"
413,"SH Air Time",23,10/02/2016 21:53:19,"41frames"
414,"FH Air Time",23,10/02/2016 21:53:19,"62frames"
415,"Weight",24,10/02/2016 21:53:20,"94"
416,"Max Jumps",24,10/02/2016 21:53:20,"2"
417,"Run Speed",24,10/02/2016 21:53:20,"1.5"
418,"Wall Jump",24,10/02/2016 21:53:20,"No"
419,"Walk Speed",24,10/02/2016 21:53:20,"0.85"
420,"Wall Cling",24,10/02/2016 21:53:20,"No"
421,"Air Speed",24,10/02/2016 21:53:20,"1.1"
422,"Crawl",24,10/02/2016 21:53:20,"No"
423,"Fall Speed",24,10/02/2016 21:53:20,"1.37"
424,"Tether",24,10/02/2016 21:53:20,"Yes"
425,"Fast Fall Speed",24,10/02/2016 21:53:20,"2.192"
426,"Jumpsquat",24,10/02/2016 21:53:20,"5frames"
427,"Air Acceleration",24,10/02/2016 21:53:20,"0.085"
428,"Soft Landing Lag",24,10/02/2016 21:53:20,"2frames"
429,"Gravity",24,10/02/2016 21:53:20,"0.09"
430,"Hard Landing Lag",24,10/02/2016 21:53:20,"5frames"
431,"SH Air Time",24,10/02/2016 21:53:20,"34frames"
432,"FH Air Time",24,10/02/2016 21:53:20,"54frames"
433,"Weight",25,10/02/2016 21:53:22,"90"
434,"Max Jumps",25,10/02/2016 21:53:22,"2"
435,"Run Speed",25,10/02/2016 21:53:22,"1.785"
436,"Wall Jump",25,10/02/2016 21:53:22,"No"
437,"Walk Speed",25,10/02/2016 21:53:22,"1.5"
438,"Wall Cling",25,10/02/2016 21:53:22,"No"
439,"Air Speed",25,10/02/2016 21:53:22,"1.02"
440,"Crawl",25,10/02/2016 21:53:22,"No"
441,"Fall Speed",25,10/02/2016 21:53:22,"1.58"
442,"Tether",25,10/02/2016 21:53:22,"No"
443,"Fast Fall Speed",25,10/02/2016 21:53:22,"2.528"
444,"Jumpsquat",25,10/02/2016 21:53:22,"5frames"
445,"Air Acceleration",25,10/02/2016 21:53:22,"0.07"
446,"Soft Landing Lag",25,10/02/2016 21:53:22,"2frames"
447,"Gravity",25,10/02/2016 21:53:22,"0.075"
448,"Hard Landing Lag",25,10/02/2016 21:53:22,"4frames"
449,"SH Air Time",25,10/02/2016 21:53:22,"41frames"
450,"FH Air Time",25,10/02/2016 21:53:22,"61frames"
451,"Weight",26,10/02/2016 21:53:22,"97"
452,"Max Jumps",26,10/02/2016 21:53:22,"2"
453,"Run Speed",26,10/02/2016 21:53:22,"1.5"
454,"Wall Jump",26,10/02/2016 21:53:22,"No"
455,"Walk Speed",26,10/02/2016 21:53:22,"1.08"
456,"Wall Cling",26,10/02/2016 21:53:22,"No"
457,"Air Speed",26,10/02/2016 21:53:22,"0.73418"
458,"Crawl",26,10/02/2016 21:53:22,"Yes"
459,"Fall Speed",26,10/02/2016 21:53:22,"1.25"
460,"Tether",26,10/02/2016 21:53:22,"No"
461,"Fast Fall Speed",26,10/02/2016 21:53:22,"2.0"
462,"Jumpsquat",26,10/02/2016 21:53:22,"5frames"
463,"Air Acceleration",26,10/02/2016 21:53:22,"0.075"
464,"Soft Landing Lag",26,10/02/2016 21:53:22,"2frames"
465,"Gravity",26,10/02/2016 21:53:22,"0.075"
466,"Hard Landing Lag",26,10/02/2016 21:53:22,"4frames"
467,"SH Air Time",26,10/02/2016 21:53:22,"47frames"
468,"FH Air Time",26,10/02/2016 21:53:22,"77frames"
469,"Weight",27,10/02/2016 21:53:23,"98"
470,"Max Jumps",27,10/02/2016 21:53:23,"2"
471,"Run Speed",27,10/02/2016 21:53:23,"1.6"
472,"Wall Jump",27,10/02/2016 21:53:23,"Yes"
473,"Walk Speed",27,10/02/2016 21:53:23,"1.1"
474,"Wall Cling",27,10/02/2016 21:53:23,"No"
475,"Air Speed",27,10/02/2016 21:53:23,"1.15"
476,"Crawl",27,10/02/2016 21:53:23,"No"
477,"Fall Speed",27,10/02/2016 21:53:23,"1.5"
478,"Tether",27,10/02/2016 21:53:23,"No"
479,"Fast Fall Speed",27,10/02/2016 21:53:23,"2.4"
480,"Jumpsquat",27,10/02/2016 21:53:23,"5frames"
481,"Air Acceleration",27,10/02/2016 21:53:23,"0.07"
482,"Soft Landing Lag",27,10/02/2016 21:53:23,"2frames"
483,"Gravity",27,10/02/2016 21:53:23,"0.08715"
484,"Hard Landing Lag",27,10/02/2016 21:53:23,"4frames"
485,"SH Air Time",27,10/02/2016 21:53:23,"40frames"
486,"FH Air Time",27,10/02/2016 21:53:23,"61frames"
487,"Weight",28,10/02/2016 21:53:24,"90"
488,"Max Jumps",28,10/02/2016 21:53:24,"2"
489,"Run Speed",28,10/02/2016 21:53:24,"1.785"
490,"Wall Jump",28,10/02/2016 21:53:24,"No"
491,"Walk Speed",28,10/02/2016 21:53:24,"1.5"
492,"Wall Cling",28,10/02/2016 21:53:24,"No"
493,"Air Speed",28,10/02/2016 21:53:24,"1.02"
494,"Crawl",28,10/02/2016 21:53:24,"No"
495,"Fall Speed",28,10/02/2016 21:53:24,"1.58"
496,"Tether",28,10/02/2016 21:53:24,"No"
497,"Fast Fall Speed",28,10/02/2016 21:53:24,"2.528"
498,"Jumpsquat",28,10/02/2016 21:53:24,"5frames"
499,"Air Acceleration",28,10/02/2016 21:53:24,"0.07"
500,"Soft Landing Lag",28,10/02/2016 21:53:24,"2frames"
501,"Gravity",28,10/02/2016 21:53:24,"0.075"
502,"Hard Landing Lag",28,10/02/2016 21:53:24,"4frames"
503,"SH Air Time",28,10/02/2016 21:53:24,"41frames"
504,"FH Air Time",28,10/02/2016 21:53:24,"61frames"
505,"Weight",29,10/02/2016 21:53:25,"102"
506,"Max Jumps",29,10/02/2016 21:53:25,"2"
507,"Run Speed",29,10/02/2016 21:53:25,"1.456"
508,"Wall Jump",29,10/02/2016 21:53:25,"Yes"
509,"Walk Speed",29,10/02/2016 21:53:25,"1.078"
510,"Wall Cling",29,10/02/2016 21:53:25,"No"
511,"Air Speed",29,10/02/2016 21:53:25,"1.1"
512,"Crawl",29,10/02/2016 21:53:25,"No"
513,"Fall Speed",29,10/02/2016 21:53:26,"1.8"
514,"Tether",29,10/02/2016 21:53:26,"No"
515,"Fast Fall Speed",29,10/02/2016 21:53:26,"2.88"
516,"Jumpsquat",29,10/02/2016 21:53:26,"4frames"
517,"Air Acceleration",29,10/02/2016 21:53:26,"0.1"
518,"Soft Landing Lag",29,10/02/2016 21:53:26,"2frames"
519,"Gravity",29,10/02/2016 21:53:26,"0.1071"
520,"Hard Landing Lag",29,10/02/2016 21:53:26,"4frames"
521,"SH Air Time",29,10/02/2016 21:53:26,"29frames"
522,"FH Air Time",29,10/02/2016 21:53:26,"51frames"
523,"Weight",30,10/02/2016 21:53:26,"80"
524,"Max Jumps",30,10/02/2016 21:53:26,"6"
525,"Run Speed",30,10/02/2016 21:53:26,"1.9"
526,"Wall Jump",30,10/02/2016 21:53:26,"No"
527,"Walk Speed",30,10/02/2016 21:53:26,"1.18"
528,"Wall Cling",30,10/02/2016 21:53:26,"No"
529,"Air Speed",30,10/02/2016 21:53:26,"0.99"
530,"Crawl",30,10/02/2016 21:53:26,"No"
531,"Fall Speed",30,10/02/2016 21:53:26,"1.66"
532,"Tether",30,10/02/2016 21:53:26,"No"
533,"Fast Fall Speed",30,10/02/2016 21:53:26,"2.656"
534,"Jumpsquat",30,10/02/2016 21:53:26,"4frames"
535,"Air Acceleration",30,10/02/2016 21:53:26,"0.065"
536,"Soft Landing Lag",30,10/02/2016 21:53:26,"2frames"
537,"Gravity",30,10/02/2016 21:53:26,"0.11"
538,"Hard Landing Lag",30,10/02/2016 21:53:26,"4frames"
539,"SH Air Time",30,10/02/2016 21:53:26,"31frames"
540,"FH Air Time",30,10/02/2016 21:53:26,"50frames"
541,"Weight",31,10/02/2016 21:53:27,"74"
542,"Max Jumps",31,10/02/2016 21:53:27,"2"
543,"Run Speed",31,10/02/2016 21:53:27,"2.05"
544,"Wall Jump",31,10/02/2016 21:53:27,"Yes"
545,"Walk Speed",31,10/02/2016 21:53:27,"1.2"
546,"Wall Cling",31,10/02/2016 21:53:27,"No"
547,"Air Speed",31,10/02/2016 21:53:27,"1.25"
548,"Crawl",31,10/02/2016 21:53:27,"No"
549,"Fall Speed",31,10/02/2016 21:53:27,"1.5"
550,"Tether",31,10/02/2016 21:53:27,"No"
551,"Fast Fall Speed",31,10/02/2016 21:53:27,"2.4"
552,"Jumpsquat",31,10/02/2016 21:53:27,"5frames"
553,"Air Acceleration",31,10/02/2016 21:53:27,"0.05"
554,"Soft Landing Lag",31,10/02/2016 21:53:27,"2frames"
555,"Gravity",31,10/02/2016 21:53:27,"0.082"
556,"Hard Landing Lag",31,10/02/2016 21:53:27,"5frames"
557,"SH Air Time",31,10/02/2016 21:53:27,"41frames"
558,"FH Air Time",31,10/02/2016 21:53:27,"57frames"
559,"Weight",32,10/02/2016 21:53:28,"100"
560,"Max Jumps",32,10/02/2016 21:53:28,"2"
561,"Run Speed",32,10/02/2016 21:53:28,"1.72"
562,"Wall Jump",32,10/02/2016 21:53:28,"Yes"
563,"Walk Speed",32,10/02/2016 21:53:28,"1.15"
564,"Wall Cling",32,10/02/2016 21:53:28,"No"
565,"Air Speed",32,10/02/2016 21:53:28,"1.2"
566,"Crawl",32,10/02/2016 21:53:28,"No"
567,"Fall Speed",32,10/02/2016 21:53:28,"1.7"
568,"Tether",32,10/02/2016 21:53:28,"No"
569,"Fast Fall Speed",32,10/02/2016 21:53:28,"2.72"
570,"Jumpsquat",32,10/02/2016 21:53:28,"5frames"
571,"Air Acceleration",32,10/02/2016 21:53:28,"0.058"
572,"Soft Landing Lag",32,10/02/2016 21:53:28,"2frames"
573,"Gravity",32,10/02/2016 21:53:28,"0.1"
574,"Hard Landing Lag",32,10/02/2016 21:53:28,"4frames"
575,"SH Air Time",32,10/02/2016 21:53:28,"36frames"
576,"FH Air Time",32,10/02/2016 21:53:28,"55frames"
577,"Weight",33,10/02/2016 21:53:30,"100"
578,"Max Jumps",33,10/02/2016 21:53:30,"2"
579,"Run Speed",33,10/02/2016 21:53:30,"1.3"
580,"Wall Jump",33,10/02/2016 21:53:30,"Yes"
581,"Walk Speed",33,10/02/2016 21:53:30,"1.05"
582,"Wall Cling",33,10/02/2016 21:53:30,"No"
583,"Air Speed",33,10/02/2016 21:53:30,"1.05"
584,"Crawl",33,10/02/2016 21:53:30,"No"
585,"Fall Speed",33,10/02/2016 21:53:30,"1.45"
586,"Tether",33,10/02/2016 21:53:30,"No"
587,"Fast Fall Speed",33,10/02/2016 21:53:30,"2.32"
588,"Jumpsquat",33,10/02/2016 21:53:30,"?frames"
589,"Air Acceleration",33,10/02/2016 21:53:30,"0.07"
590,"Soft Landing Lag",33,10/02/2016 21:53:30,"?frames"
591,"Gravity",33,10/02/2016 21:53:30,"0.08715"
592,"Hard Landing Lag",33,10/02/2016 21:53:30,"?frames"
593,"SH Air Time",33,10/02/2016 21:53:30,"40frames"
594,"FH Air Time",33,10/02/2016 21:53:30,"57frames"
595,"Weight",34,10/02/2016 21:53:30,"100"
596,"Max Jumps",34,10/02/2016 21:53:30,"2"
597,"Run Speed",34,10/02/2016 21:53:30,"1.5"
598,"Wall Jump",34,10/02/2016 21:53:30,"No"
599,"Walk Speed",34,10/02/2016 21:53:30,"1.188"
600,"Wall Cling",34,10/02/2016 21:53:30,"No"
601,"Air Speed",34,10/02/2016 21:53:30,"0.96"
602,"Crawl",34,10/02/2016 21:53:30,"No"
603,"Fall Speed",34,10/02/2016 21:53:31,"1.6"
604,"Tether",34,10/02/2016 21:53:31,"No"
605,"Fast Fall Speed",34,10/02/2016 21:53:31,"2.56"
606,"Jumpsquat",34,10/02/2016 21:53:31,"7frames"
607,"Air Acceleration",34,10/02/2016 21:53:31,"0.04"
608,"Soft Landing Lag",34,10/02/2016 21:53:31,"2frames"
609,"Gravity",34,10/02/2016 21:53:31,"0.096"
610,"Hard Landing Lag",34,10/02/2016 21:53:31,"5frames"
611,"SH Air Time",34,10/02/2016 21:53:31,"35frames"
612,"FH Air Time",34,10/02/2016 21:53:31,"50frames"
613,"Weight",35,10/02/2016 21:53:31,"75"
614,"Max Jumps",35,10/02/2016 21:53:31,"2"
615,"Run Speed",35,10/02/2016 21:53:31,"1.5264"
616,"Wall Jump",35,10/02/2016 21:53:31,"No"
617,"Walk Speed",35,10/02/2016 21:53:31,"1.1242"
618,"Wall Cling",35,10/02/2016 21:53:31,"No"
619,"Air Speed",35,10/02/2016 21:53:31,"1.12"
620,"Crawl",35,10/02/2016 21:53:31,"No"
621,"Fall Speed",35,10/02/2016 21:53:31,"1.24"
622,"Tether",35,10/02/2016 21:53:31,"No"
623,"Fast Fall Speed",35,10/02/2016 21:53:31,"1.984"
624,"Jumpsquat",35,10/02/2016 21:53:31,"5frames"
625,"Air Acceleration",35,10/02/2016 21:53:31,"0.03"
626,"Soft Landing Lag",35,10/02/2016 21:53:31,"2frames"
627,"Gravity",35,10/02/2016 21:53:31,"0.08"
628,"Hard Landing Lag",35,10/02/2016 21:53:31,"4frames"
629,"SH Air Time",35,10/02/2016 21:53:31,"36frames"
630,"FH Air Time",35,10/02/2016 21:53:31,"56frames"
631,"Weight",36,10/02/2016 21:53:33,"94"
632,"Max Jumps",36,10/02/2016 21:53:33,"2"
633,"Run Speed",36,10/02/2016 21:53:33,"1.46265"
634,"Wall Jump",36,10/02/2016 21:53:33,"No"
635,"Walk Speed",36,10/02/2016 21:53:33,"0.8635"
636,"Wall Cling",36,10/02/2016 21:53:33,"No"
637,"Air Speed",36,10/02/2016 21:53:33,"0.9588"
638,"Crawl",36,10/02/2016 21:53:33,"No"
639,"Fall Speed",36,10/02/2016 21:53:33,"1.31"
640,"Tether",36,10/02/2016 21:53:33,"No"
641,"Fast Fall Speed",36,10/02/2016 21:53:33,"2.096"
642,"Jumpsquat",36,10/02/2016 21:53:33,"5frames"
643,"Air Acceleration",36,10/02/2016 21:53:33,"0.09"
644,"Soft Landing Lag",36,10/02/2016 21:53:33,"2frames"
645,"Gravity",36,10/02/2016 21:53:33,"0.077"
646,"Hard Landing Lag",36,10/02/2016 21:53:33,"4frames"
647,"SH Air Time",36,10/02/2016 21:53:33,"42frames"
648,"FH Air Time",36,10/02/2016 21:53:33,"64frames"
649,"Weight",37,10/02/2016 21:53:33,"79"
650,"Max Jumps",37,10/02/2016 21:53:34,"2"
651,"Run Speed",37,10/02/2016 21:53:34,"1.47"
652,"Wall Jump",37,10/02/2016 21:53:34,"No"
653,"Walk Speed",37,10/02/2016 21:53:34,"0.9"
654,"Wall Cling",37,10/02/2016 21:53:34,"No"
655,"Air Speed",37,10/02/2016 21:53:34,"0.82"
656,"Crawl",37,10/02/2016 21:53:34,"No"
657,"Fall Speed",37,10/02/2016 21:53:34,"1.35"
658,"Tether",37,10/02/2016 21:53:34,"No"
659,"Fast Fall Speed",37,10/02/2016 21:53:34,"2.16"
660,"Jumpsquat",37,10/02/2016 21:53:34,"5frames"
661,"Air Acceleration",37,10/02/2016 21:53:34,"0.07"
662,"Soft Landing Lag",37,10/02/2016 21:53:34,"2frames"
663,"Gravity",37,10/02/2016 21:53:34,"0.068"
664,"Hard Landing Lag",37,10/02/2016 21:53:34,"4frames"
665,"SH Air Time",37,10/02/2016 21:53:34,"43frames"
666,"FH Air Time",37,10/02/2016 21:53:34,"66frames"
667,"Weight",38,10/02/2016 21:53:34,"95"
668,"Max Jumps",38,10/02/2016 21:53:34,"2"
669,"Run Speed",38,10/02/2016 21:53:34,"1.52"
670,"Wall Jump",38,10/02/2016 21:53:34,"Yes"
671,"Walk Speed",38,10/02/2016 21:53:34,"1.045"
672,"Wall Cling",38,10/02/2016 21:53:34,"No"
673,"Air Speed",38,10/02/2016 21:53:34,"1.04"
674,"Crawl",38,10/02/2016 21:53:34,"Yes"
675,"Fall Speed",38,10/02/2016 21:53:34,"1.35"
676,"Tether",38,10/02/2016 21:53:34,"No"
677,"Fast Fall Speed",38,10/02/2016 21:53:34,"2.16"
678,"Jumpsquat",38,10/02/2016 21:53:34,"5frames"
679,"Air Acceleration",38,10/02/2016 21:53:34,"0.07"
680,"Soft Landing Lag",38,10/02/2016 21:53:34,"2frames"
681,"Gravity",38,10/02/2016 21:53:34,"0.072"
682,"Hard Landing Lag",38,10/02/2016 21:53:34,"4frames"
683,"SH Air Time",38,10/02/2016 21:53:34,"42frames"
684,"FH Air Time",38,10/02/2016 21:53:34,"65frames"
685,"Weight",39,10/02/2016 21:53:36,"91"
686,"Max Jumps",39,10/02/2016 21:53:36,"2"
687,"Run Speed",39,10/02/2016 21:53:36,"1.888"
688,"Wall Jump",39,10/02/2016 21:53:36,"No"
689,"Walk Speed",39,10/02/2016 21:53:36,"1.21"
690,"Wall Cling",39,10/02/2016 21:53:36,"No"
691,"Air Speed",39,10/02/2016 21:53:36,"0.91"
692,"Crawl",39,10/02/2016 21:53:36,"No"
693,"Fall Speed",39,10/02/2016 21:53:36,"1.4"
694,"Tether",39,10/02/2016 21:53:36,"No"
695,"Fast Fall Speed",39,10/02/2016 21:53:36,"2.24"
696,"Jumpsquat",39,10/02/2016 21:53:36,"5frames"
697,"Air Acceleration",39,10/02/2016 21:53:36,"0.1"
698,"Soft Landing Lag",39,10/02/2016 21:53:36,"2frames"
699,"Gravity",39,10/02/2016 21:53:36,"0.105"
700,"Hard Landing Lag",39,10/02/2016 21:53:36,"4frames"
701,"SH Air Time",39,10/02/2016 21:53:36,"37frames"
702,"FH Air Time",39,10/02/2016 21:53:36,"58frames"
703,"Weight",40,10/02/2016 21:53:37,"89"
704,"Max Jumps",40,10/02/2016 21:53:37,"2"
705,"Run Speed",40,10/02/2016 21:53:37,"1.4175"
706,"Wall Jump",40,10/02/2016 21:53:37,"No"
707,"Walk Speed",40,10/02/2016 21:53:37,"0.86"
708,"Wall Cling",40,10/02/2016 21:53:37,"No"
709,"Air Speed",40,10/02/2016 21:53:37,"0.95"
710,"Crawl",40,10/02/2016 21:53:37,"No"
711,"Fall Speed",40,10/02/2016 21:53:37,"1.15"
712,"Tether",40,10/02/2016 21:53:37,"No"
713,"Fast Fall Speed",40,10/02/2016 21:53:37,"1.84"
714,"Jumpsquat",40,10/02/2016 21:53:37,"5frames"
715,"Air Acceleration",40,10/02/2016 21:53:37,"0.1"
716,"Soft Landing Lag",40,10/02/2016 21:53:37,"2frames"
717,"Gravity",40,10/02/2016 21:53:37,"0.068"
718,"Hard Landing Lag",40,10/02/2016 21:53:37,"4frames"
719,"SH Air Time",40,10/02/2016 21:53:37,"41frames"
720,"FH Air Time",40,10/02/2016 21:53:37,"64frames"
721,"Weight",41,10/02/2016 21:53:38,"79"
722,"Max Jumps",41,10/02/2016 21:53:38,"2"
723,"Run Speed",41,10/02/2016 21:53:38,"1.85325"
724,"Wall Jump",41,10/02/2016 21:53:38,"Yes"
725,"Walk Speed",41,10/02/2016 21:53:38,"1.24"
726,"Wall Cling",41,10/02/2016 21:53:38,"No"
727,"Air Speed",41,10/02/2016 21:53:38,"0.9118"
728,"Crawl",41,10/02/2016 21:53:38,"Yes"
729,"Fall Speed",41,10/02/2016 21:53:38,"1.55"
730,"Tether",41,10/02/2016 21:53:38,"No"
731,"Fast Fall Speed",41,10/02/2016 21:53:38,"2.48"
732,"Jumpsquat",41,10/02/2016 21:53:38,"4frames"
733,"Air Acceleration",41,10/02/2016 21:53:38,"0.09"
734,"Soft Landing Lag",41,10/02/2016 21:53:38,"2frames"
735,"Gravity",41,10/02/2016 21:53:38,"0.095"
736,"Hard Landing Lag",41,10/02/2016 21:53:38,"4frames"
737,"SH Air Time",41,10/02/2016 21:53:38,"38frames"
738,"FH Air Time",41,10/02/2016 21:53:38,"58frames"
739,"Weight",42,10/02/2016 21:53:39,"96"
740,"Max Jumps",42,10/02/2016 21:53:39,"4"
741,"Run Speed",42,10/02/2016 21:53:39,"1.66215"
742,"Wall Jump",42,10/02/2016 21:53:39,"No"
743,"Walk Speed",42,10/02/2016 21:53:39,"1.199"
744,"Wall Cling",42,10/02/2016 21:53:39,"No"
745,"Air Speed",42,10/02/2016 21:53:39,"0.89"
746,"Crawl",42,10/02/2016 21:53:39,"No"
747,"Fall Speed",42,10/02/2016 21:53:39,"1.48"
748,"Tether",42,10/02/2016 21:53:39,"No"
749,"Fast Fall Speed",42,10/02/2016 21:53:39,"2.368"
750,"Jumpsquat",42,10/02/2016 21:53:39,"5frames"
751,"Air Acceleration",42,10/02/2016 21:53:39,"0.065"
752,"Soft Landing Lag",42,10/02/2016 21:53:39,"2frames"
753,"Gravity",42,10/02/2016 21:53:39,"0.081"
754,"Hard Landing Lag",42,10/02/2016 21:53:39,"5frames"
755,"SH Air Time",42,10/02/2016 21:53:39,"38frames"
756,"FH Air Time",42,10/02/2016 21:53:39,"57frames"
757,"Weight",43,10/02/2016 21:53:40,"106"
758,"Max Jumps",43,10/02/2016 21:53:40,"2"
759,"Run Speed",43,10/02/2016 21:53:40,"1.568"
760,"Wall Jump",43,10/02/2016 21:53:40,"No"
761,"Walk Speed",43,10/02/2016 21:53:40,"1.122"
762,"Wall Cling",43,10/02/2016 21:53:40,"No"
763,"Air Speed",43,10/02/2016 21:53:40,"1.08"
764,"Crawl",43,10/02/2016 21:53:40,"No"
765,"Fall Speed",43,10/02/2016 21:53:40,"1.6"
766,"Tether",43,10/02/2016 21:53:40,"No"
767,"Fast Fall Speed",43,10/02/2016 21:53:40,"2.56"
768,"Jumpsquat",43,10/02/2016 21:53:40,"5frames"
769,"Air Acceleration",43,10/02/2016 21:53:40,"0.045"
770,"Soft Landing Lag",43,10/02/2016 21:53:40,"2frames"
771,"Gravity",43,10/02/2016 21:53:40,"0.09"
772,"Hard Landing Lag",43,10/02/2016 21:53:40,"4frames"
773,"SH Air Time",43,10/02/2016 21:53:40,"40frames"
774,"FH Air Time",43,10/02/2016 21:53:40,"61frames"
775,"Weight",44,10/02/2016 21:53:41,"95"
776,"Max Jumps",44,10/02/2016 21:53:41,"2"
777,"Run Speed",44,10/02/2016 21:53:41,"1.15"
778,"Wall Jump",44,10/02/2016 21:53:41,"No"
779,"Walk Speed",44,10/02/2016 21:53:41,"0.891"
780,"Wall Cling",44,10/02/2016 21:53:41,"No"
781,"Air Speed",44,10/02/2016 21:53:41,"1"
782,"Crawl",44,10/02/2016 21:53:41,"No"
783,"Fall Speed",44,10/02/2016 21:53:41,"1.5"
784,"Tether",44,10/02/2016 21:53:41,"No"
785,"Fast Fall Speed",44,10/02/2016 21:53:41,"2.4"
786,"Jumpsquat",44,10/02/2016 21:53:41,"7frames"
787,"Air Acceleration",44,10/02/2016 21:53:41,"0.07"
788,"Soft Landing Lag",44,10/02/2016 21:53:41,"2frames"
789,"Gravity",44,10/02/2016 21:53:41,"0.089"
790,"Hard Landing Lag",44,10/02/2016 21:53:41,"4frames"
791,"SH Air Time",44,10/02/2016 21:53:41,"38frames"
792,"FH Air Time",44,10/02/2016 21:53:41,"57frames"
793,"Weight",45,10/02/2016 21:53:43,"77"
794,"Max Jumps",45,10/02/2016 21:53:43,"2"
795,"Run Speed",45,10/02/2016 21:53:43,"1.632"
796,"Wall Jump",45,10/02/2016 21:53:43,"No"
797,"Walk Speed",45,10/02/2016 21:53:43,"1.0835"
798,"Wall Cling",45,10/02/2016 21:53:43,"No"
799,"Air Speed",45,10/02/2016 21:53:43,"1"
800,"Crawl",45,10/02/2016 21:53:43,"Yes"
801,"Fall Speed",45,10/02/2016 21:53:43,"1.2"
802,"Tether",45,10/02/2016 21:53:43,"No"
803,"Fast Fall Speed",45,10/02/2016 21:53:43,"1.92"
804,"Jumpsquat",45,10/02/2016 21:53:43,"5frames"
805,"Air Acceleration",45,10/02/2016 21:53:43,"0.1"
806,"Soft Landing Lag",45,10/02/2016 21:53:43,"2frames"
807,"Gravity",45,10/02/2016 21:53:43,"0.062"
808,"Hard Landing Lag",45,10/02/2016 21:53:43,"4frames"
809,"SH Air Time",45,10/02/2016 21:53:43,"50frames"
810,"FH Air Time",45,10/02/2016 21:53:43,"78frames"
811,"Weight",46,10/02/2016 21:53:44,"95"
812,"Max Jumps",46,10/02/2016 21:53:44,"2"
813,"Run Speed",46,10/02/2016 21:53:44,"1.95"
814,"Wall Jump",46,10/02/2016 21:53:44,"No"
815,"Walk Speed",46,10/02/2016 21:53:44,"1.15"
816,"Wall Cling",46,10/02/2016 21:53:44,"No"
817,"Air Speed",46,10/02/2016 21:53:44,"1.24"
818,"Crawl",46,10/02/2016 21:53:44,"No"
819,"Fall Speed",46,10/02/2016 21:53:44,"1.8"
820,"Tether",46,10/02/2016 21:53:44,"No"
821,"Fast Fall Speed",46,10/02/2016 21:53:44,"2.9"
822,"Jumpsquat",46,10/02/2016 21:53:44,"5frames"
823,"Air Acceleration",46,10/02/2016 21:53:44,"0.03"
824,"Soft Landing Lag",46,10/02/2016 21:53:44,"2frames"
825,"Gravity",46,10/02/2016 21:53:44,"0.114"
826,"Hard Landing Lag",46,10/02/2016 21:53:44,"5frames"
827,"SH Air Time",46,10/02/2016 21:53:44,"30frames"
828,"FH Air Time",46,10/02/2016 21:53:44,"48frames"
829,"Weight",47,10/02/2016 21:53:45,"103"
830,"Max Jumps",47,10/02/2016 21:53:45,"2"
831,"Run Speed",47,10/02/2016 21:53:45,"1.6"
832,"Wall Jump",47,10/02/2016 21:53:45,"No"
833,"Walk Speed",47,10/02/2016 21:53:45,"0.75"
834,"Wall Cling",47,10/02/2016 21:53:45,"No"
835,"Air Speed",47,10/02/2016 21:53:45,"1.12"
836,"Crawl",47,10/02/2016 21:53:45,"No"
837,"Fall Speed",47,10/02/2016 21:53:45,"1.6"
838,"Tether",47,10/02/2016 21:53:45,"No"
839,"Fast Fall Speed",47,10/02/2016 21:53:45,"2.24"
840,"Jumpsquat",47,10/02/2016 21:53:45,"5frames"
841,"Air Acceleration",47,10/02/2016 21:53:45,"0.025"
842,"Soft Landing Lag",47,10/02/2016 21:53:45,"2frames"
843,"Gravity",47,10/02/2016 21:53:45,"0.12"
844,"Hard Landing Lag",47,10/02/2016 21:53:45,"4frames"
845,"SH Air Time",47,10/02/2016 21:53:45,"31frames"
846,"FH Air Time",47,10/02/2016 21:53:45,"43frames"
847,"Weight",48,10/02/2016 21:53:45,"108"
848,"Max Jumps",48,10/02/2016 21:53:45,"2"
849,"Run Speed",48,10/02/2016 21:53:45,"1.504"
850,"Wall Jump",48,10/02/2016 21:53:45,"Yes"
851,"Walk Speed",48,10/02/2016 21:53:45,"1.0615"
852,"Wall Cling",48,10/02/2016 21:53:45,"No"
853,"Air Speed",48,10/02/2016 21:53:45,"1.03"
854,"Crawl",48,10/02/2016 21:53:45,"No"
855,"Fall Speed",48,10/02/2016 21:53:45,"1.3"
856,"Tether",48,10/02/2016 21:53:45,"Yes"
857,"Fast Fall Speed",48,10/02/2016 21:53:45,"2.08"
858,"Jumpsquat",48,10/02/2016 21:53:45,"4frames"
859,"Air Acceleration",48,10/02/2016 21:53:45,"0.05"
860,"Soft Landing Lag",48,10/02/2016 21:53:45,"2frames"
861,"Gravity",48,10/02/2016 21:53:45,"0.77"
862,"Hard Landing Lag",48,10/02/2016 21:53:46,"4frames"
863,"SH Air Time",48,10/02/2016 21:53:46,"43frames"
864,"FH Air Time",48,10/02/2016 21:53:46,"67frames"
865,"Weight",49,10/02/2016 21:53:46,"81"
866,"Max Jumps",49,10/02/2016 21:53:46,"2"
867,"Run Speed",49,10/02/2016 21:53:46,"2.016"
868,"Wall Jump",49,10/02/2016 21:53:46,"Yes"
869,"Walk Speed",49,10/02/2016 21:53:46,"1.4"
870,"Wall Cling",49,10/02/2016 21:53:46,"Yes"
871,"Air Speed",49,10/02/2016 21:53:46,"1.1"
872,"Crawl",49,10/02/2016 21:53:46,"Yes"
873,"Fall Speed",49,10/02/2016 21:53:46,"1.75"
874,"Tether",49,10/02/2016 21:53:46,"No"
875,"Fast Fall Speed",49,10/02/2016 21:53:46,"2.8"
876,"Jumpsquat",49,10/02/2016 21:53:46,"4frames"
877,"Air Acceleration",49,10/02/2016 21:53:46,"0.08"
878,"Soft Landing Lag",49,10/02/2016 21:53:46,"2frames"
879,"Gravity",49,10/02/2016 21:53:46,"0.15"
880,"Hard Landing Lag",49,10/02/2016 21:53:46,"4frames"
881,"SH Air Time",49,10/02/2016 21:53:46,"32frames"
882,"FH Air Time",49,10/02/2016 21:53:46,"50frames"
883,"Weight",50,10/02/2016 21:53:47,"102"
884,"Max Jumps",50,10/02/2016 21:53:47,"2"
885,"Run Speed",50,10/02/2016 21:53:47,"1.52"
886,"Wall Jump",50,10/02/2016 21:53:47,"No"
887,"Walk Speed",50,10/02/2016 21:53:47,"1.1"
888,"Wall Cling",50,10/02/2016 21:53:47,"No"
889,"Air Speed",50,10/02/2016 21:53:47,"1.06"
890,"Crawl",50,10/02/2016 21:53:47,"No"
891,"Fall Speed",50,10/02/2016 21:53:47,"1.5"
892,"Tether",50,10/02/2016 21:53:47,"No"
893,"Fast Fall Speed",50,10/02/2016 21:53:47,"2.4"
894,"Jumpsquat",50,10/02/2016 21:53:47,"5frames"
895,"Air Acceleration",50,10/02/2016 21:53:47,"0.04"
896,"Soft Landing Lag",50,10/02/2016 21:53:47,"2frames"
897,"Gravity",50,10/02/2016 21:53:47,"0.085"
898,"Hard Landing Lag",50,10/02/2016 21:53:47,"4frames"
899,"SH Air Time",50,10/02/2016 21:53:47,"39frames"
900,"FH Air Time",50,10/02/2016 21:53:47,"60frames"
901,"Weight",51,10/02/2016 21:53:48,"94"
902,"Max Jumps",51,10/02/2016 21:53:48,"2"
903,"Run Speed",51,10/02/2016 21:53:48,"3.5"
904,"Wall Jump",51,10/02/2016 21:53:48,"Yes"
905,"Walk Speed",51,10/02/2016 21:53:48,"1.375"
906,"Wall Cling",51,10/02/2016 21:53:48,"No"
907,"Air Speed",51,10/02/2016 21:53:48,"1.15"
908,"Crawl",51,10/02/2016 21:53:48,"No"
909,"Fall Speed",51,10/02/2016 21:53:48,"1.45"
910,"Tether",51,10/02/2016 21:53:48,"No"
911,"Fast Fall Speed",51,10/02/2016 21:53:48,"2.32"
912,"Jumpsquat",51,10/02/2016 21:53:48,"5frames"
913,"Air Acceleration",51,10/02/2016 21:53:48,"0.04"
914,"Soft Landing Lag",51,10/02/2016 21:53:48,"2frames"
915,"Gravity",51,10/02/2016 21:53:48,"0.09"
916,"Hard Landing Lag",51,10/02/2016 21:53:48,"4frames"
917,"SH Air Time",51,10/02/2016 21:53:48,"39frames"
918,"FH Air Time",51,10/02/2016 21:53:48,"60frames"
919,"Weight",52,10/02/2016 21:53:49,"93"
920,"Max Jumps",52,10/02/2016 21:53:49,"2"
921,"Run Speed",52,10/02/2016 21:53:49,"1.7325"
922,"Wall Jump",52,10/02/2016 21:53:49,"Yes"
923,"Walk Speed",52,10/02/2016 21:53:49,"1.2265"
924,"Wall Cling",52,10/02/2016 21:53:49,"No"
925,"Air Speed",52,10/02/2016 21:53:49,"0.94"
926,"Crawl",52,10/02/2016 21:53:49,"No"
927,"Fall Speed",52,10/02/2016 21:53:49,"1.28"
928,"Tether",52,10/02/2016 21:53:49,"Yes"
929,"Fast Fall Speed",52,10/02/2016 21:53:49,"2.048"
930,"Jumpsquat",52,10/02/2016 21:53:49,"5frames"
931,"Air Acceleration",52,10/02/2016 21:53:49,"0.08"
932,"Soft Landing Lag",52,10/02/2016 21:53:49,"2frames"
933,"Gravity",52,10/02/2016 21:53:49,"0.079"
934,"Hard Landing Lag",52,10/02/2016 21:53:49,"4frames"
935,"SH Air Time",52,10/02/2016 21:53:49,"41frames"
936,"FH Air Time",52,10/02/2016 21:53:49,"63frames"
937,"Weight",53,10/02/2016 21:53:50,"97"
938,"Max Jumps",53,10/02/2016 21:53:50,"2"
939,"Run Speed",53,10/02/2016 21:53:50,"1.27"
940,"Wall Jump",53,10/02/2016 21:53:50,"Yes"
941,"Walk Speed",53,10/02/2016 21:53:50,"1.04"
942,"Wall Cling",53,10/02/2016 21:53:50,"No"
943,"Air Speed",53,10/02/2016 21:53:50,"0.94"
944,"Crawl",53,10/02/2016 21:53:50,"No"
945,"Fall Speed",53,10/02/2016 21:53:50,"1.32"
946,"Tether",53,10/02/2016 21:53:50,"No"
947,"Fast Fall Speed",53,10/02/2016 21:53:50,"2.112"
948,"Jumpsquat",53,10/02/2016 21:53:50,"5frames"
949,"Air Acceleration",53,10/02/2016 21:53:50,"0.05"
950,"Soft Landing Lag",53,10/02/2016 21:53:50,"2frames"
951,"Gravity",53,10/02/2016 21:53:50,"0.078"
952,"Hard Landing Lag",53,10/02/2016 21:53:50,"4frames"
953,"SH Air Time",53,10/02/2016 21:53:50,"40frames"
954,"FH Air Time",53,10/02/2016 21:53:50,"61frames"
955,"Weight",54,10/02/2016 21:53:51,"107"
956,"Max Jumps",54,10/02/2016 21:53:51,"2"
957,"Run Speed",54,10/02/2016 21:53:51,"1.5"
958,"Wall Jump",54,10/02/2016 21:53:51,"No"
959,"Walk Speed",54,10/02/2016 21:53:51,"0.847"
960,"Wall Cling",54,10/02/2016 21:53:51,"No"
961,"Air Speed",54,10/02/2016 21:53:51,"1.21"
962,"Crawl",54,10/02/2016 21:53:51,"Yes"
963,"Fall Speed",54,10/02/2016 21:53:51,"1.61"
964,"Tether",54,10/02/2016 21:53:51,"No"
965,"Fast Fall Speed",54,10/02/2016 21:53:51,"2.576"
966,"Jumpsquat",54,10/02/2016 21:53:51,"6frames"
967,"Air Acceleration",54,10/02/2016 21:53:51,"0.08"
968,"Soft Landing Lag",54,10/02/2016 21:53:51,"2frames"
969,"Gravity",54,10/02/2016 21:53:51,"0.092"
970,"Hard Landing Lag",54,10/02/2016 21:53:51,"4frames"
971,"SH Air Time",54,10/02/2016 21:53:51,"35frames"
972,"FH Air Time",54,10/02/2016 21:53:51,"53frames"
973,"Weight",55,10/02/2016 21:53:52,"96"
974,"Max Jumps",55,10/02/2016 21:53:52,"2"
975,"Run Speed",55,10/02/2016 21:53:52,"1.696"
976,"Wall Jump",55,10/02/2016 21:53:52,"Yes"
977,"Walk Speed",55,10/02/2016 21:53:52,"1.166"
978,"Wall Cling",55,10/02/2016 21:53:52,"No"
979,"Air Speed",55,10/02/2016 21:53:52,"0.97"
980,"Crawl",55,10/02/2016 21:53:52,"Yes"
981,"Fall Speed",55,10/02/2016 21:53:52,"1.3"
982,"Tether",55,10/02/2016 21:53:52,"No"
983,"Fast Fall Speed",55,10/02/2016 21:53:52,"2.08"
984,"Jumpsquat",55,10/02/2016 21:53:52,"5frames"
985,"Air Acceleration",55,10/02/2016 21:53:52,"0.08"
986,"Soft Landing Lag",55,10/02/2016 21:53:52,"2frames"
987,"Gravity",55,10/02/2016 21:53:52,"0.09"
988,"Hard Landing Lag",55,10/02/2016 21:53:52,"4frames"
989,"SH Air Time",55,10/02/2016 21:53:52,"39frames"
990,"FH Air Time",55,10/02/2016 21:53:52,"62frames"
991,"Weight",56,10/02/2016 21:53:53,"104"
992,"Max Jumps",56,10/02/2016 21:53:53,"2"
993,"Run Speed",56,10/02/2016 21:53:53,"1.86"
994,"Wall Jump",56,10/02/2016 21:53:53,"No"
995,"Walk Speed",56,10/02/2016 21:53:53,"1.15"
996,"Wall Cling",56,10/02/2016 21:53:53,"No"
997,"Air Speed",56,10/02/2016 21:53:53,"1.28"
998,"Crawl",56,10/02/2016 21:53:53,"Yes"
999,"Fall Speed",56,10/02/2016 21:53:53,"1.29"
1000,"Tether",56,10/02/2016 21:53:53,"No"
1001,"Fast Fall Speed",56,10/02/2016 21:53:53,"2.064"
1002,"Jumpsquat",56,10/02/2016 21:53:53,"6frames"
1003,"Air Acceleration",56,10/02/2016 21:53:53,"0.068"
1004,"Soft Landing Lag",56,10/02/2016 21:53:53,"2frames"
1005,"Gravity",56,10/02/2016 21:53:53,"0.08"
1006,"Hard Landing Lag",56,10/02/2016 21:53:53,"4frames"
1007,"SH Air Time",56,10/02/2016 21:53:53,"42frames"
1008,"FH Air Time",56,10/02/2016 21:53:53,"66frames"
1009,"Weight",57,10/02/2016 21:53:54,"85"
1010,"Max Jumps",57,10/02/2016 21:53:54,"2"
1011,"Run Speed",57,10/02/2016 21:53:54,"1.3"
1012,"Wall Jump",57,10/02/2016 21:53:54,"No"
1013,"Walk Speed",57,10/02/2016 21:53:54,"0.87"
1014,"Wall Cling",57,10/02/2016 21:53:54,"No"
1015,"Air Speed",57,10/02/2016 21:53:54,"1.04"
1016,"Crawl",57,10/02/2016 21:53:54,"No"
1017,"Fall Speed",57,10/02/2016 21:53:54,"1.35"
1018,"Tether",57,10/02/2016 21:53:54,"No"
1019,"Fast Fall Speed",57,10/02/2016 21:53:54,"2.16"
1020,"Jumpsquat",57,10/02/2016 21:53:54,"6frames"
1021,"Air Acceleration",57,10/02/2016 21:53:54,"0.055"
1022,"Soft Landing Lag",57,10/02/2016 21:53:54,"2frames"
1023,"Gravity",57,10/02/2016 21:53:54,"0.071"
1024,"Hard Landing Lag",57,10/02/2016 21:53:54,"4frames"
1025,"SH Air Time",57,10/02/2016 21:53:54,"41frames"
1026,"FH Air Time",57,10/02/2016 21:53:54,"62frames"
1027,"Weight",58,10/02/2016 21:53:55,"80"
1028,"Max Jumps",58,10/02/2016 21:53:55,"2"
1029,"Run Speed",58,10/02/2016 21:53:55,"2.1"
1030,"Wall Jump",58,10/02/2016 21:53:55,"Yes"
1031,"Walk Speed",58,10/02/2016 21:53:55,"1.4"
1032,"Wall Cling",58,10/02/2016 21:53:55,"No"
1033,"Air Speed",58,10/02/2016 21:53:55,"1.2"
1034,"Crawl",58,10/02/2016 21:53:55,"Yes"
1035,"Fall Speed",58,10/02/2016 21:53:55,"1.7"
1036,"Tether",58,10/02/2016 21:53:55,"Yes"
1037,"Fast Fall Speed",58,10/02/2016 21:53:55,"2.72"
1038,"Jumpsquat",58,10/02/2016 21:53:55,"4frames"
1039,"Air Acceleration",58,10/02/2016 21:53:55,"0.085"
1040,"Soft Landing Lag",58,10/02/2016 21:53:55,"2frames"
1041,"Gravity",58,10/02/2016 21:53:55,"0.12"
1042,"Hard Landing Lag",58,10/02/2016 21:53:55,"4frames"
1043,"SH Air Time",58,10/02/2016 21:53:55,"38frames"
1044,"FH Air Time",58,10/02/2016 21:53:55,"60frames"
